"","par","mean","low","upp","year","obs"
"1","pred[1,1]",187.422,72.75842,307.6953,1991,279.906972351051
"2","pred[2,1]",137.698,15.84578,253.1518,1992,30.330502289356
"3","pred[3,1]",121.935,-31.64052,248.3998,1993,38.5303162957102
"4","pred[4,1]",128.6405,-13.57266,255.4149,1994,35.4073601349879
"5","pred[5,1]",174.3555,43.66233,284.2862,1995,129.074518623224
"6","pred[6,1]",219.5745,107.0496,325.3813,1996,194.381013058306
"7","pred[7,1]",273.863,175.0787,379.8527,1997,100.073016073204
"8","pred[8,1]",397.348,250.1233,528.7296,1998,546.015231727956
"9","pred[9,1]",496.4125,279.0847,694.0346,1999,891.021460492405
"10","pred[10,1]",401.534,260.9594,521.9849,2000,515.417775948865
"11","pred[11,1]",282.771,182.6155,392.1543,2001,98.6824702214867
"12","pred[12,1]",249.49,119.129,367.5939,2002,175.548451965366
"13","pred[13,1]",252.727,134.2998,365.9666,2003,138.295253825155
"14","pred[14,1]",324.8815,207.9106,451.9233,2004,500.840936873405
"15","pred[15,1]",277.2635,180.9786,399.5554,2005,187.977259939485
"16","pred[16,1]",338.4515,214.1759,473.3591,2006,541.062803593521
"17","pred[17,1]",257.341,154.1177,368.156,2007,90.5301738689654
"18","pred[18,1]",303.672,188.6689,442.8475,2008,455.808768277663
"19","pred[19,1]",261.784,156.0948,381.056,2009,360.63959236252
"20","pred[20,1]",176.979,60.16815,289.5373,2010,59.9711191192644
"21","pred[21,1]",161.0945,33.87069,265.7678,2011,152.984049214978
"22","pred[22,1]",118.222,-18.94564,234.784,2012,21.4752077301985
"23","pred[23,1]",133.0845,6.23489800000001,242.71,2013,112.112697595812
"24","pred[24,1]",146.537,23.02761,255.9646,2014,153.003236049172
"25","pred[25,1]",134.52,13.0255,246.8357,2015,97.8539696784773
"26","pred[26,1]",147.225,24.33156,260.5276,2016,220.818695003741
"27","pred[27,1]",97.8243,-30.34653,225.8065,2019,97.1269858697352
"28","pred[28,1]",109.4865,-33.8469,238.1321,2018,12.2807746402342
